2223, 03-121
2250, 03-121
2251, 03-121
2252, 03-121
2261,
2317, 15-210 and 15-251
2421,
2450, 15-122
2500,
2510,
2512,
2513,
2514,
2530,
2600,
2651,
2652,
2654,
2700,
2701,
2702,
2710,
2711,
2712,
2713,
2714,
2717,
2721,
2730,
2740,
2750,
2760,
2801,
2900,
3050,
3051,
3101,
3115,
3116, 03-115
3121,
3124,
3127, 03-121
3131,
3132,
3201,
3202,
3206, 42-101 and 03-121
3210,
3230,
3231, 03-121
3232, 09-219 or 09-217
3240, 03-121 and (03-232 or 03-231)
3250,
3251,
3252,
3260,
3301,
3302,
3327, 03-310 or 03-232 or 03-231
3330, 03-232 or 03-231
3342,
3343, (03-231 or 03-232) and 09-222
3344, 03-343 and (03-232 or 03-231)
3350, 03-240
3363, 03-121 or 03-762 or 03-362 or 85-219 or 15-386
3364, 03-362 or 03-240 or 03-363
3370,
3390, (03-232 or 03-231) and 03-240
3391, 03-232 or 03-231
3392,
3401,
3402,
3410,
3411,
3412,
3439, 03-232 or 03-231
3442, 03-330
3445,
3511, 03-121 and 15-122
3512, 03-121 and 15-122
3534, (03-231 or 03-232) and 03-240 and 21-259 and (09-214 or 09-344)
3545, 03-445
3601,
3620,
3700,
3709,
3711, 03-121 and 15-122
3712, 03-121 and 15-122
3713,
3727,
3730, 03-330 and (03-742 or 03-442)
3741, 03-240 and (03-231 or 03-232)
3742, 03-330
3744, 03-240
3745,
3746,
3747,
3750,
3755,
3762,
3763, 03-762 or 03-362 or 03-121
3770,
3791,
3871, (03-232 or 03-231) and (09-345 or 09-214) and (21-122 or 21-120)
3900,
4601,
4602,
4605,
4611,
4612,
4630,
4635,
4641,
4644,
4800,
4801,
4900,
4980,
5320,
5391,
5392,
5395,
5410,
5413,
5418,
5430, 15-127 or 15-112 or 15-100
5431,
5432, 85-411 or 85-213 or 15-211
5433,
5434,
5436,
5437,
5438,
5499,
5540,
5571, 05-410 or 05-610
5589,
5600,
5610,
5630,
5631,
5633,
5650,
5651,
5671,
5672,
5681,
5688,
5689,
5771,
5775,
5795,
5813,
5814,
5818,
5820,
5821,
5822,
5832,
5833,
5834,
5836,
5837,
5838,
5839,
5863,
5872,
5888,
5891,
5898,
5899,
5982,
5997,
6050,
6051,
6100,
6200,
6221, 06-100 and 33-106
6222,
6250,
6261, 06-100 and 21-259
6262, 06-100 and 21-122 and 06-221
6300,
6321, 06-221
6322,
6323, 06-261 and (21-260 or 06-262)
6361, 06-323 and 06-321
6363, 06-261 and 06-323
6364, 06-323 and 06-321 and 09-347
6365,
6400,
6421, 06-364 and 06-321 and 06-361
6423, 06-364 and 06-361
6426, 09-221 and 06-607
6462, 06-421
6463, 06-421
6464, 06-262
6466, 09-221 and (09-509 or 06-609)
6500,
6600,
6606, 06-361 and 06-262
6607, 09-347 and 06-221
6608,
6609, 09-347
6610, 09-509 or 06-609
6615,
6620, 06-262 and 09-105
6623,
6625,
6640, 06-321 and 06-262
6646,
6663,
6665,
6700,
6702,
6703,
6704,
6705,
6712,
6713,
6716,
6720,
6777,
6799,
6800,
6801,
6802,
6810,
6820,
6900,
6995,
8200,
8340,
8532,
8533,
8534,
8540,
8600,
8602,
8604,
8605,
8613,
8621,
8624,
8632,
8700,
8701,
8702,
8703,
8704,
8705,
8706,
8707,
8708,
8709,
8710,
8711,
8712,
8713,
8714,
8722,
8723,
8724,
8730,
8731,
8732,
8733,
8734,
8741,
8742,
8743,
8744,
8745,
8749,
8761,
8763,
8765,
8766,
8767,
8769,
8781,
8810,
8840,
8995,
8996,
8997,
8998,
8999,
9050,
9101,
9103,
9105,
9106, 09-107 or 09-105
9107,
9109,
9122,
9201,
9202,
9204, 09-221
9209, 09-219 or 09-217
9214, 09-106 and (21-122 or 21-124) and (33-106 or 33-111)
9217, 09-107 or 09-105
9218, 09-219 or 09-217
9219, 09-107 or 09-105
9220, 09-219
9221, 09-106
9222, (09-217 or 09-219) and 09-221
9231, 09-106 and (21-122 or 21-124)
9301,
9302,
9321, (09-218 or 09-220) and 09-222
9322, 09-331 and 09-344 and 09-221
9331, 09-222 and 09-221
9344, (09-105 or 09-107) and (33-106 or 33-111)
9345, 09-106 and (21-259 or 09-231)
9347, (06-221 or 06-151) and (06-262 or 06-155) and (09-107 or 09-105)
9348, (09-105 or 09-107) and 21-120
9401,
9402,
9435,
9445,
9455,
9507, (33-112 or 33-107) and 09-106
9509, 09-347 or 09-345
9510, 09-218 or 09-220
9519, 03-121 and (09-220 or 09-218)
9522, 09-348
9524, 09-217 or 09-219
9535, (09-347 or 09-345 or 09-214) and (03-232 or 03-231 or 03-121)
9560, 15-110 and 09-344 and 09-345
9603,
9604,
9611, 09-345 and 09-231
9700,
9701,
9707,
9710,
9711, 09-220 and 09-344
9714, 09-218 or 09-220
9715,
9716, (09-218 or 09-220) and 09-222
9719,
9722,
9723, (09-231 or 21-122 or 21-124) and (09-344 or 09-345 or 09-331 or 09-322)
9724,
9726,
9728,
9733,
9735,
9737,
9803, 09-518 or 09-718 or (09-218 and 03-442)
9812,
9835,
9851,
9861,
9871,
9911,
9912,
9931,
9932,
9990,
10500,
10601, 15-122 and (21-127 or 15-151)
10605, 15-214 or 15-210
10620,
10701,
10702,
10705,
10708,
10710,
10725,
10801,
10805,
10811,
10830,
10831,
10910,
10915,
10920,
10930,
10935,
10940,
11344,
11345,
11390,
11411, 15-122
11441,
11443,
11465,
11490,
11590,
11611,
11641,
11643,
11661,
11663,
11675,
11683,
11690,
11691,
11693,
11695,
11696,
11700,
11711,
11712,
11713,
11714,
11716,
11719,
11721,
11723,
11726,
11731,
11732,
11733,
11734,
11736,
11741,
11742,
11744,
11751,
11752,
11753,
11754,
11755,
11756,
11757,
11761,
11763,
11782,
11783,
11785,
11786,
11791,
11792, 15-393 or 11-791
11796,
11821,
11910,
11920,
11925,
11928,
11929,
11930,
11935,
12050,
12051,
12100,
12201,
12212,
12215,
12231, 12-212
12232, 12-212
12271, 33-106 and 21-120
12301, 12-212 and 12-271
12335, 12-231 and 33-107
12336, 12-231
12351, 12-355 and 09-105 and 21-260
12352,
12355, 21-260 and 21-259
12356,
12358, 27-357
12401,
12411, 21-120
12421, 21-120
12600,
12604,
12610,
12616,
12623,
12629, 03-121
12631, 12-231
12635, 12-231
12636, 12-335
12648,
12651,
12658,
12690,
12701,
12702,
12703,
12704,
12706,
12711,
12712,
12714, (12-421 and 12-706) or 12-712
12718,
12720,
12724,
12725,
12726,
12728,
12729,
12730,
12733,
12734,
12735,
12740,
12741,
12742,
12743,
12744,
12745,
12746,
12747,
12748,
12750,
12751,
12755,
12757,
12772,
12773,
12775,
12776,
12784,
12790,
12791,
12792,
12793,
12794,
12798,
12799,
12995,
14699,
14700,
14703,
14704,
14705,
14706,
14707,
14708,
14709,
14727,
14735,
14740,
14741,
14761,
14774,
14775,
14786,
14788,
14797,
14798,
14814,
14815,
14817,
14819,
14822,
14823,
14829,
14832,
15050,
15075,
15090,
15110,
15112,
15121, 15-112 or 15-110
15122, 15-112
15128,
15129,
15131,
15150, (21-127 or 15-151) and 15-112
15151,
15152,
15199,
15210, 15-150 and 15-122
15213, 15-122
15214, (15-121 or 15-122) and (21-127 or 15-151)
15221, 76-101
15239,
15251, 15-112 and (21-127 or 15-151)
15291,
15292,
15295, 15-122
15296,
15302,
15303,
15312, (15-210 and 15-251) or 15-212
15313, 15-214
15317, 15-210 or 15-212
15319, 15-213
15321, 15-213
15323, 15-122
15348, 15-123
15354, 15-251
15355, 15-251
15359, 15-251 and 21-259 and 21-241
15369,
15381, 15-122 or 15-211
15383, 15-121 or 15-122
15385, (18-202 and 15-122) or (21-259 and 15-122 and 21-241)
15386, 21-122 and 15-112
15387, 21-122 and 21-241 and 15-112
15390,
15396,
15410, 15-213
15411, 15-213 or 15-312
15412, 15-410
15413, 15-313
15414, (15-122 or 15-211) and 15-251
15415, 15-210 or (15-211 and 15-213)
15417, 15-312 or 15-317
15418, 15-213
15421, 15-122 or 15-211
15423,
15424, 15-122 and 15-251 and 21-122
15437, 15-214
15440, 15-213
15441, 15-213
15449,
15451, 15-251 and 15-210 and 21-241
15453, 21-228 or 15-251
15455, 15-251
15462, (21-259 and 15-213 and 21-241) or (15-213 and 18-202)
15463, 15-213 and (21-241 or 18-202)
15465, 15-462
15466, 15-462
15484,
15492, 15-122
15494, 15-214
15495,
15498,
15591,
15592,
15593,
15594,
15599,
15602,
15603,
15604,
15605,
15610, 15-410
15611,
15612,
15614,
15615,
15617,
15618,
15619,
15624,
15637,
15640,
15641,
15648,
15649,
15651,
15652,
15657,
15659,
15662,
15663,
15666,
15669,
15686,
15689,
15694,
15697,
15712,
15719,
15740,
15744,
15745,
15746,
15749,
15750,
15754,
15780,
15781,
15799,
15801,
15802,
15803,
15804,
15812,
15813,
15814,
15819,
15821,
15826,
15829,
15845,
15853,
15855,
15856,
15859,
15862,
15869,
15883,
15884,
15891,
15892,
15990,
15996,
15997,
15998,
16264,
16299, 21-122 and 15-122
16311, 18-202 or 21-241 or 21-260 or 24-311
16362,
16384, 15-122 or 18-202 or 24-311 or 21-241 or 16-311
16385, (18-202 and 15-122) or (15-122 and 21-259 and 21-241)
16467,
16597,
16610,
16611,
16612,
16613,
16614,
16615,
16642,
16650,
16662,
16681,
16682,
16697,
16698,
16711,
16720,
16722,
16725,
16741,
16745,
16764,
16778,
16811,
16824,
16843,
16850,
16861,
16865,
16868,
16897,
16899,
16990,
16991,
16995,
16997,
17413,
17602,
17603,
17610,
17615,
17619,
17622,
17628,
17629,
17630,
17635,
17638,
17639,
17643,
17651,
17652,
17653,
17654,
17655,
17656,
17657,
17658,
17671,
17672,
17674,
17677,
17678,
17691,
17697,
17699,
17704,
17705,
17706,
17751,
17752,
17754,
17755,
17777,
17791,
17806,
17808,
17997,
18050,
18051,
18100,
18200, 18-100
18202, 21-122 or 21-123 or 21-118
18213, 15-122
18220, 18-100
18231,
18232,
18240, 18-100
18290, 18-100
18300, 18-220
18310, 18-220
18320, 18-220
18331,
18332,
18340, 18-240
18341, 18-240
18342, 18-240
18345, (36-217 or 36-212 or 36-226) and 18-213
18348, 18-240 and 18-213
18349, 18-240 and 18-213
18370, 18-290 or 18-396
18372,
18390,
18401, 18-300
18402, 18-300
18411, 21-122 and 21-259 and 21-260 and 15-100 and 21-120
18418, 18-220
18419, 18-310
18421,
18422,
18431,
18432,
18447, 18-240 and (15-213 or 18-213 or 18-243) and (18-340 or 18-341 or 18-348 or 18-349 or 18-320)
18473,
18474, (18-243 or 15-213) and (18-370 or 18-396)
18482, 73-100
18487, 18-213 and 15-214
18491, 18-290
18492,
18496, 18-290
18499,
18510, 18-401 or 18-402 or 18-419 or (18-310 and 18-320) or (18-300 and 18-320) or (18-391 and 18-320) or (18-300 and 18-310) or (18-391 and 18-310) or (18-300 and 18-391)
18513, (18-300 and 18-320) or 18-402
18525, 18-320 and (18-340 or 18-341 or 18-310 or 18-450 or 18-491 or 18-415)
18540, (18-340 and 18-391) or (18-341 and 18-391) or (18-349 and 18-320) or (18-349 and 18-391) or (18-320 and 18-391) or (18-320 and 18-340) or (18-320 and 18-341) or (18-348 and 18-391) or (18-348 and 18-320)
18545, 18-447 or (18-341 and 18-340) or (18-340 and 18-348) or (18-349 and 18-340) or (18-320 and 18-340) or (18-348 and 18-341) or (18-349 and 18-341) or (18-320 and 18-341) or (18-320 and 18-348) or (18-320 and 18-349)
18551, 18-450 or 18-491 or (18-370 and 18-391)
18578, (18-370 and 18-348) or (18-370 and 18-349) or 18-474
18587,
18601,
18603,
18610, 18-310
18614,
18615, 18-310
18618,
18622,
18623, 18-421
18625,
18629,
18631,
18637,
18638,
18641,
18642,
18644,
18645,
18646,
18648,
18649, 18-349 or 18-348
18650,
18660,
18667,
18697,
18698,
18703,
18712, 18-300 and 18-310 and (18-402 or 33-439) and senior or graduate standing
18721,
18723,
18730,
18731,
18732,
18733,
18734,
18740,
18743,
18745,
18746,
18748,
18751,
18752,
18753,
18754,
18756,
18758,
18759,
18760,
18764,
18765, 15-214 and 18-240 and (18-341 or 18-340)
18769,
18771, 18-474 or 18-370
18776,
18781,
18782,
18790,
18791,
18792, 18-491 and 36-217
18794,
18795,
18797,
18798,
18799,
18819,
18842,
18843,
18845,
18847,
18848,
18859,
18869,
18875,
18879,
18882,
18901,
18902,
18980,
18983,
18984,
18990,
18991,
18992,
18994,
18995,
19051,
19101,
19201,
19211,
19325,
19350,
19365,
19402, 73-100
19403,
19411,
19424,
19440,
19443,
19451,
19452,
19461,
19462,
19472,
19500,
19550,
19600,
19602,
19608,
19610,
19617,
19620,
19626,
19638,
19645,
19653,
19655,
19656,
19666,
19680,
19681,
19682,
19684,
19686,
19687,
19689,
19690,
19691,
19692,
19693,
19696,
19700,
19702,
19704,
19705,
19710,
19711,
19713,
19714, 12-411 or 12-706
19716,
19717,
19722,
19724,
19726,
19739,
19740,
19750,
19751,
19752,
19753,
19760,
19770,
19785,
19799,
19881,
19882,
19883,
19885,
21050,
21051,
21101,
21110,
21111,
21112, 21-111
21120,
21122, 21-112 or 21-120
21124,
21126,
21127,
21200,
21201,
21228, 21-127
21235, 21-127 and 21-269
21236, 21-235 and 21-242
21237, 21-127 and 21-269
21238, 21-237 and 21-242
21240,
21241,
21242,
21256, 21-112 or 21-120
21257, 06-262 or 18-202 or 21-240 or 21-241 or 21-242 or 21-256
21259, 21-122
21260, 21-122
21261, 21-122
21268, 21-122 and (21-241 or 21-242)
21269, 21-242
21270, 21-120 or 21-112
21292, 21-122 and (21-241 or 21-242)
21295,
21300, 15-251 or 21-228 or 21-373
21301, 21-122 and (21-228 or 15-251)
21320, 21-122 and 21-127
21325, 21-259 or 21-268 or 21-269
21329, 21-127
21341, 21-241 or 21-242
21350,
21355, 21-122 and 21-127
21356, (21-259 or 21-268 or 21-269) and 21-241 and 21-355
21366,
21369, 15-110 and (21-259 or 21-268 or 21-269)
21370, (70-492 or 21-270) and (21-256 or 21-259 or 21-268 or 21-269)
21371, 21-259 or 21-268 or 21-269
21372, (21-259 or 21-268 or 21-269) and 21-260
21373, 21-127 and (21-241 or 21-242)
21374, 21-373
21393, (21-228 or 15-251) and 21-292
21400,
21420, (18-202 or 21-260) and 21-370 and (21-325 or 36-217 or 36-225)
21441, (21-241 or 21-242) and 21-373
21465, 21-355 and 21-373
21470,
21476, (21-241 or 21-242) and 21-261
21484, (21-228 or 15-251) and (21-241 or 21-242)
21490,
21499,
21590,
21599,
21602,
21603,
21604,
21605,
21606,
21620,
21621,
21623,
21630,
21640, 21-651 and (21-720 or 21-621)
21651,
21660,
21690,
21701,
21702,
21715,
21720,
21721, 21-720
21732,
21738,
21740,
21759,
21762,
21765,
21785,
21801,
21803,
21820,
21832,
21880,
21900,
21901,
21902,
21997,
24050,
24051,
24101,
24200,
24201,
24202,
24221, 33-106 and 24-101 and (21-123 or 21-122)
24231, 33-106 and (21-123 or 21-122)
24261, (21-123 or 21-118 or 21-122) and 33-106
24262, 33-106 and 24-261
24292,
24302,
24311, 21-260
24321, 24-231 and 24-221 and 24-322
24322, 21-260 and 24-231 and 24-221
24341, 24-262
24351, 24-261
24352, 24-261 and 21-260 and 33-107
24357,
24358,
24365, 24-262
24370,
24390,
24391,
24392,
24421, 24-231 and 24-221
24424,
24425,
24441, 24-262
24451, (15-100 or 15-111) and 24-352
24452, 24-352
24456,
24491,
24492,
24614, 18-321 or 24-351
24615,
24617,
24619,
24620,
24623,
24626,
24628,
24629,
24640,
24642, 24-221 or 06-221 or 27-215
24644,
24650,
24651,
24655,
24657,
24658,
24659,
24671,
24673,
24674,
24675,
24676,
24681,
24683,
24684,
24685,
24688, 24-231 and 24-262
24701,
24703,
24704,
24718,
24719,
24721,
24722,
24730,
24731,
24735,
24740,
24751,
24752,
24755,
24756,
24771,
24776,
24778,
24780,
24781,
24782,
24785,
24787,
24791,
24792,
24793,
24794,
24795,
24797,
24799,
24881,
24892,
27050,
27051,
27100,
27111,
27201, 21-122
27202, 21-122
27205,
27211,
27215,
27216, 27-215
27217, 27-201 and 27-202 and 27-215
27227,
27299,
27301, 27-216 and 27-217
27323, 27-215 and 27-216 and 27-100 and 27-202
27324,
27357,
27367, 27-100
27390,
27399,
27401, 27-367 and 27-205
27402, 27-401
27410,
27411,
27432,
27454,
27499,
27501,
27502,
27520,
27555,
27556,
27561,
27565,
27582,
27705,
27709,
27718,
27724,
27727,
27750,
27755,
27756,
27761,
27763,
27766,
27770,
27774,
27775,
27782,
27788,
27796,
27797,
27798,
27799,
27995,
30101,
30102,
30201,
30202,
30301,
30302,
30401,
30402,
31101,
31102,
31105,
31106,
31107,
31108,
31201,
31202,
31301,
31302,
31401,
31402,
32100,
32101,
32102,
32103,
32200,
32201,
32212,
32300,
32310,
32311,
32312,
32400,
32402,
32410,
32411,
33050,
33051,
33100,
33101,
33104,
33106,
33107, 21-120 and 33-106
33111,
33112, 33-111 and 21-120
33114,
33115,
33120,
33124,
33126,
33131,
33132, 21-120 and 33-131
33201,
33202,
33211, 33-132 or 33-112 or 33-107
33213, 33-112 or 33-132 or 33-107
33224, 33-131 or 33-111 or 33-106
33225, 33-132 or 33-112 or 33-107
33228, 33-112 or 33-132 or 33-107
33231, 21-122 and (33-132 or 33-112 or 33-107)
33232, 33-231
33234, 33-211
33241, 15-100 and 21-122 and 33-104 and (33-112 or 33-107 or 33-132)
33301,
33302,
33331, 33-232 and 21-259
33332, 33-331
33338, 33-232 and 21-259
33339, 33-338
33340, 33-234 and (33-341 or 33-338 or 33-331)
33341, 33-232 and 33-234
33342, 33-341
33350,
33355, 33-112 or 33-107 or 33-132
33441, 03-121 and (33-112 or 33-132 or 33-107)
33444, 33-338 and 33-234
33445, 33-234
33446, 33-445
33448, 33-341 and (33-225 or 33-234)
33451,
33456, 33-241
33466, 33-234 and 33-224
33467, 33-224 and 33-234
33499,
33650, 33-211 and 33-339
33652,
33658,
33755, 33-759
33756,
33758,
33759,
33761,
33762,
33765,
33767,
33769,
33770,
33771,
33775,
33776,
33777,
33779,
33780,
33783, 33-756
33785,
33788,
33791,
33794,
33795,
33889,
33892,
33893,
33894,
33895,
33896,
33897,
33898,
33996,
33997,
33998,
36050,
36051,
36148,
36149,
36198,
36201,
36202, 36-247 or 36-201 or 36-220 or 70-207 or 36-207
36207, 21-112 or 21-120 or 21-121
36208, (21-121 or 21-120 or 21-112) and (36-220 or 36-247 or 70-207 or 36-201 or 36-207)
36217, 21-122 or 21-112 or 21-259 or 21-256 or 21-123
36220, 21-112 or 21-121 or 21-120
36225, 21-256 or 21-259
36226, 15-359 or 36-225 or 36-217 or 21-325
36247, 21-120 or 21-121 or 21-112
36295,
36303, 36-208 or 36-226 or 36-309 or 70-208 or 36-202 or 73-261 or 88-250 or 36-625
36309, 36-217 or 36-201 or 36-207 or 36-220 or 36-247
36315, 70-208 or 88-250 or 36-625 or 36-226 or 36-303 or 36-202 or 36-208 or 36-309
36326, 36-325
36350, 36-208 or 36-202 or 70-208
36401, (36-226 or 36-310 or 36-625) and (21-241 or 21-240)
36402, 36-401
36410, 21-325 or 36-225 or 36-217 or 36-625
36461, 36-401
36464, 36-401
36490, 36-401
36491,
36495,
36497,
36595,
36601,
36602,
36607,
36608,
36610,
36617,
36618,
36625, 21-118 or 21-123 or 21-122 or 21-256
36661,
36664,
36691,
36695,
36699,
36700,
36702,
36705,
36707,
36721,
36725,
36726,
36746,
36749,
36752,
36755,
36757,
36758,
36762,
36763,
36780,
36783,
36795,
36835,
36995,
36996,
36997,
38050,
38051,
38060,
38455,
38710,
39050,
39051,
39120,
39200,
39210,
39220,
39250,
39251,
39390,
39447,
39500,
39600,
39605,
39606,
39610,
39611,
39612,
39613,
39646,
39647,
39648,
39801,
39802,
39803,
39810,
42050,
42051,
42101,
42200,
42201, 42-101
42202,
42203, 42-101 and 03-121
42300,
42321, 42-202 and 06-262
42400,
42401,
42402, 42-401
42411, 06-221 or 24-221 or 27-215
42419,
42431, 18-290 and 42-202
42444,
42447,
42611,
42620,
42624,
42631,
42632,
42640,
42641,
42643,
42645,
42646,
42647,
42660, 42-101 and 42-202
42697,
42698,
42699,
42701,
42702,
42731,
42732,
42735, 03-121
42744,
42747,
42760,
42790,
42792,
42798,
42799,
42890,
42899,
42990,
42996,
42997,
42998,
42999,
45690,
45691,
45695,
45696,
45697,
45698,
45700,
45701,
45710,
45711,
45720,
45730,
45740,
45741,
45745,
45747,
45748,
45749,
45750,
45751,
45752,
45760,
45770,
45790,
45791,
45792,
45800,
45801,
45803,
45805,
45806,
45807,
45810,
45811,
45820,
45821,
45822,
45823,
45824,
45825,
45826,
45827,
45830,
45831,
45832,
45833,
45834,
45836,
45840,
45841,
45842,
45843,
45847,
45850,
45851,
45852,
45854,
45860,
45861,
45862,
45863,
45864,
45870,
45871,
45872,
45875,
45877,
45880,
45881,
45882,
45890,
45891,
45892,
45894,
45895,
45896,
45905,
45907,
45908,
45909,
45911,
45912,
45913,
45920,
45921,
45923,
45924,
45925,
45926,
45927,
45928,
45932,
45933,
45934,
45937,
45938,
45939,
45941,
45942,
45943,
45944,
45946,
45950,
45951,
45959,
45960,
45962,
45964,
45965,
45970,
45971,
45977,
45980,
45984,
45988,
45990,
45991,
45992,
45993,
45997,
45998,
45999,
46681,
46682,
46683,
46700,
46701,
46721,
46830,
46831,
46832,
46833,
46860,
46861,
46863,
46865,
46866,
46867,
46869,
46870,
46901,
46902,
46903,
46904,
46915,
46921,
46923,
46926,
46929,
46932,
46936,
46941,
46944,
46945,
46950,
46954,
46955,
46956,
46971,
46972,
46973,
46974,
46975,
46976,
46977,
46978,
46980,
47711,
47715,
47718,
47719,
47720,
47721,
47722,
47723,
47740,
47744,
47745,
47747,
47754,
47762,
47764,
47774,
47775,
47780,
47800,
47801,
47802,
47803,
47805,
47811,
47812,
47817,
47818,
47830,
47831,
47832,
47834,
47835,
47836,
47860,
47861,
47862,
47881,
47882,
47890,
47891,
47892,
47894,
47899,
47900,
47901,
47902,
47903,
47952,
47953,
47991,
47996,
47998,
48025,
48026,
48050,
48051,
48095,
48096,
48100,
48105, 48-100
48116,
48120,
48121,
48125, 48-120
48126,
48200, 48-105
48205, 48-200 and 48-210
48215, 48-210 or 12-235
48240,
48241,
48250,
48257,
48300, 48-217 and 48-205
48305, 48-300 and 48-312
48315, 48-116
48328,
48332,
48341, 48-240
48348, 48-240
48350, 48-240
48351, 48-205
48354,
48355, 48-135 and 48-130
48356, 48-130 and 48-135
48361,
48368, 48-240
48371, 48-240
48373,
48380,
48381,
48383,
48400, 48-305
48401,
48402,
48403,
48404,
48405, 48-412 and 48-400
48406,
48408,
48410, 33-106 or 48-115
48411,
48412, 48-105
48413,
48414,
48415, 48-305
48420, 48-205
48430,
48431, 48-205
48448, 48-240
48451,
48452, 48-305
48453, 48-305
48455,
48468,
48470, 48-105
48473, 48-105
48478, 48-205
48497,
48500, 48-405
48501,
48502,
48503,
48504,
48505, 48-105
48506,
48508,
48509,
48510,
48511,
48512,
48513,
48514,
48515,
48519,
48530,
48531, 48-125
48534,
48550, 48-305
48564, 48-473 and 48-470 and 48-105
48568, 48-305
48569, 48-205 and 48-120
48576,
48579, 48-105
48587, 48-105
48599,
48600,
48624,
48631,
48632,
48686,
48700,
48702,
48703,
48705,
48706,
48707,
48712,
48721,
48722,
48723, 33-106
48725,
48729, 48-305
48730,
48731,
48732,
48736,
48738,
48739,
48742,
48752, (48-315 and 48-412) or 12-748
48753,
48757,
48759,
48764,
48766,
48769,
48781,
48789,
48790,
48792,
48793,
48795,
48797,
51050,
51051,
51052,
51101,
51102, 51-101
51103,
51104,
51121,
51122, 51-121
51132, 51-101
51134,
51171,
51172, 51-101
51201, 51-102
51202, 51-201
51203,
51211, 51-101
51212, 51-211
51222, 51-211 or 51-201
51224, 51-201
51229,
51231,
51232, 51-231
51241,
51242, 51-211
51243,
51246, 51-211
51251,
51257,
51261,
51262,
51264,
51271,
51301, 51-202
51302, 51-301
51311, 51-212
51312, 51-311
51321, 60-141 or 62-141 or 51-134
51322, 51-301
51324, 51-201
51327,
51328, 51-327 or 51-224
51331, 51-232
51332, 51-331
51334, 51-301 or 51-311
51335, 51-301
51341,
51344, 51-211
51346, 51-311
51347,
51349,
51355,
51357,
51359,
51375,
51376,
51385,
51388,
51391,
51399,
51401,
51404,
51406,
51421,
51422,
51423,
51425,
51426,
51427, 51-426 or 51-425
51428,
51434,
51441,
51442,
51451, 51-243
51452, 51-451
51455,
51470,
51473,
51478,
51482,
51499,
51701,
51703,
51704,
51705,
51707,
51709,
51710,
51711,
51712,
51718,
51720,
51721,
51725,
51727,
51728,
51731,
51744,
51747,
51757,
51759,
51761,
51765,
51767,
51773,
51785,
51788,
51791,
51792,
51799,
51801,
51802,
51814,
51823,
51824,
51828,
51831,
51834,
51855,
51876,
51878,
51880,
51882,
51899,
51912,
52190,
52290,
52291,
52390,
52391,
52399,
52400,
52401,
52402,
52410,
52590,
53600,
53604,
53607,
53608,
53609,
53610,
53615,
53619,
53622,
53630,
53631,
53689,
53700,
53708,
53711,
53712,
53713,
53721,
53723,
53724,
53733,
53734,
53788,
53831,
53871,
53886,
53998,
54011,
54012, 54-011
54050,
54051,
54061,
54062,
54063,
54101,
54102, 54-101
54103,
54104, 54-103
54105,
54106, 54-105
54107,
54108, 54-107 or permission of the instructor
54109,
54110,
54119,
54121,
54122, 54-121
54123,
54124, 54-123
54125,
54126, 54-125
54151,
54152,
54157,
54158,
54159,
54160, 54-159
54162, 54-171 and 54-172
54163,
54164,
54166, 54-231 and 54-172 and 54-171
54169,
54170,
54171,
54172,
54175,
54176,
54177,
54178,
54184,
54187,
54190, 54-188 or 54-187
54191,
54192,
54193,
54196, 54-194 or 54-193
54200,
54201, 54-101 and 54-102
54202, 54-201
54203, 54-104 and 54-103
54204, 54-104 and 54-103 and 54-203
54205, 54-124 and 54-123
54206, 54-205
54207, 54-108 and 54-107
54208, 54-207 and 54-107 and 54-108
54211, 54-102 and 54-101
54212, 54-211 and 54-102 and 54-101
54213, 54-102 and 54-101
54214, 54-102 and 54-101
54217, 54-123 and 54-124
54218, 54-217
54219, 54-126 and 54-125
54220,
54221,
54222, 54-221
54223, 54-123 and 54-124
54224, 54-223
54229, 54-172
54230,
54231, 54-171
54238,
54240,
54242, 54-102 and 54-101
54245,
54246,
54248,
54249, 54-151
54250, 54-171 and 54-172 and 54-169
54252, 54-231
54254,
54256, 54-109 and 54-184
54257,
54258,
54259,
54260,
54261, 54-160 and 54-159
54262, 54-160 and 54-159
54264,
54265,
54266,
54267, 54-166
54268, 54-267 and 54-166
54269, 54-172 and 54-171
54271,
54272,
54273, 54-158 or 54-272
54274,
54281, 54-178 or 54-177
54282, 54-178 or 54-177
54283,
54284,
54285,
54298,
54299,
54300,
54301, 54-202 and 54-201
54302, 54-301
54303, 54-204 and 54-203
54304, 54-204 and 54-203
54305, 54-106 and 54-105
54306, 54-305 and 54-106 and 54-105
54307,  54-107, 54-108, 54-207, 54-208, or permission of the instructor
54308,  54-307, or permission of the instructor This course focuses on the art of stage combat
54309,
54310,
54311, 54-202 and 54-201
54312, 54-202 and 54-201
54313, 54-206 and 54-205
54314, 54-313
54315, 54-218 and 54-217
54316,
54317, 54-201 and 54-202
54318, 54-202 and 54-201
54319, 54-220
54322,
54323, 54-223 and 54-224
54324, 54-323
54325, 54-202 and 54-201
54326, 54-202 and 54-201
54327,
54330,
54331,
54332, 54-250
54334,
54337, 54-238 or 54-237
54339,
54340,
54341, 54-162
54342, 54-348 and 54-246
54349, 54-352 and 54-351
54351, 54-252
54352,
54355,
54357,
54360,
54361,
54362,
54363, 54-184 and 54-109
54365, 54-366
54366,
54367,
54368,
54372,
54376, 54-477
54378, 54-273
54379,
54380,
54381,
54383,
54385,
54386, 54-231
54387,
54388,
54389,
54390,
54391,
54392,
54393,
54395,
54396,
54397, 54-268 or 54-267
54398, 54-268 and 54-267
54399,
54400,
54401, 54-302
54402,
54403,
54405, 54-302 and 54-301
54407, 54-207 and 54-208
54409,
54410,
54411, 54-312 and 54-311
54412, 54-311 and 54-312
54413, 54-302 and 54-301
54414, 54-302 and 54-301
54415, 54-319
54416, 54-319
54419,
54422,
54425,
54431, 54-331
54432,
54437, 54-302 and 54-301
54438, 54-302 and 54-301
54441, 54-245 and 54-341 and 54-347
54442, 54-448 and 54-246
54445,
54446,
54447,
54448,
54450,
54452,
54453,
54454,
54455,
54456,
54457,
54458,
54460, 54-231
54461, 54-361 and 54-362
54462, 54-362 and 54-361
54463,
54464,
54467,
54468,
54469,
54473,
54477, 54-378
54478,
54479,
54480, 54-477
54487,
54488,
54489,
54491,
54493, 54-302 and 54-301
54494, 54-301 and 54-302
54495,
54496,
54498,
54500,
54505,
54509, 54-666 and 54-166
54510,
54511,
54515,
54516,
54517,
54518,
54519, 54-302
54520, 54-302
54524,
54527,
54533,
54550,
54584,
54585,
54587,
54588,
54591,
54595,
54601,
54602,
54603,
54604,
54605,
54606,
54607,
54608,
54609,
54610,
54611,
54612,
54613,
54614,
54616,
54666,
54700,
54701,
54702,
54703,
54704,
54705,
54707,
54708,
54709,
54710,
54712,
54713,
54717,
54718,
54721,
54724,
54726,
54731,
54732,
54736,
54738,
54740,
54741,
54742,
54745,
54746,
54749,
54751,
54752,
54756,
54757,
54758,
54760,
54761,
54762,
54764,
54766,
54767,
54771,
54775,
54776,
54777,
54778,
54781,
54784,
54785,
54786,
54787,
54788,
54790,
54791,
54792,
54799,
54800,
54803,
54804,
54805,
54809,
54810,
54811,
54813,
54814,
54816,
54819,
54820,
54822,
54825,
54826,
54830,
54831,
54832,
54833,
54836,
54837,
54839,
54841,
54842,
54846,
54847,
54848,
54849,
54852,
54857,
54858,
54859,
54860,
54861,
54862,
54863,
54864,
54865,
54867,
54868,
54870,
54872,
54873,
54874,
54875,
54879,
54880,
54881,
54883,
54887,
54888,
54889,
54890,
54891,
54892,
54893,
54894,
54895,
54898,
54900,
54901,
54903,
54904,
54913,
54922,
54926,
54933,
54936,
54944,
54947,
54948,
54949,
54951,
54952,
54953,
54954,
54955,
54957,
54958,
54961,
54962,
54969,
54970,
54972,
54987,
54988,
54990,
54993,
54994,
54995,
54996,
54997,
54998,
57008,
57009,
57010,
57011,
57015,
57016,
57018,
57020,
57021,
57022,
57023,
57030,
57031,
57050,
57051,
57100,
57101,
57102, 57-101 or 57-171
57103,
57104,
57105,
57106,
57107,
57108,
57109,
57110,
57111,
57112, 57-111
57117,
57118,
57120,
57121,
57122,
57123,
57125,
57126,
57127,
57128,
57129,
57130,
57131,
57132,
57133,
57134,
57135,
57136,
57137,
57138,
57139,
57140,
57141,
57142,
57143,
57144,
57145,
57146,
57149,
57150, 57-149
57151, 57-149 or 57-150 or 57-153
57152,
57153, 57-149 or 57-152
57161,
57162, 57-161
57163, 57-162
57164, 57-163
57171,
57173,
57180,
57181,
57182, 57-180 or 57-181 or 57-185
57183, 57-182
57184, 57-183
57185,
57186, 57-185
57188,
57189,
57190,
57191,
57193,
57194, 57-193
57196,
57197,
57207,
57208,
57209,
57211, 57-112
57212, 57-211
57220,
57221,
57222,
57223,
57226,
57227,
57228,
57229,
57230,
57231,
57232,
57233,
57234,
57235,
57236, 57-234
57240,
57241, 57-240
57257, 57-156 or 57-153 or 57-150
57258, 57-151
57271, 57-257
57273,
57274, 57-273
57275, 57-274
57276, 57-275
57283,
57284, 57-283
57285,
57289,
57290,
57293,
57294,
57295,
57296,
57297,
57298,
57300,
57301,
57304,
57306, 57-283
57307,
57313, 57-212
57314, 57-212
57329,
57330,
57331,
57332,
57333, 57-153
57334,
57336, 57-332
57337,
57338, 57-337 or 57-341
57339, 57-241
57340, 57-339
57343,
57347, 57-171 or 57-101
57349,
57350,
57351, 57-350
57353, 57-352
57355, 57-356 and 57-375 and 57-360 and 57-361 and 57-362 and 57-363 and 57-332 and 57-336 and 57-607 and 57-608
57356,
57357,
57359,
57360,
57361,
57362,
57363,
57364,
57367,
57368,
57369,
57370,
57374, 57-331
57375, 57-331
57376, 57-331
57381,
57382, 57-381
57383, 57-382
57384, 57-383
57385, 57-384
57386, 57-385
57387,
57390,
57391, 57-292
57392, 57-391
57393,
57394,
57399,
57408, 57-151
57410,
57416,
57417,
57418,
57419,
57420,
57423,
57424,
57427,
57428,
57429, 57-273
57430,
57431,
57432,
57433,
57434, 57-433
57435,
57436,
57437,
57438, 57-337 or 57-341
57441,
57442, 57-408
57446, 57-153
57448,
57449, 57-429
57453,
57456,
57457,
57458,
57459, 57-153 or 57-156 or 57-408
57463,
57465, 57-164
57467,
57468,
57471, 57-212 and 57-340
57472, 57-212 and 57-340
57477,
57479,
57480,
57487, 57-186
57488, 57-487
57496,
57497,
57498,
57499,
57500,
57501,
57502,
57503,
57505,
57506,
57507,
57508,
57509,
57510,
57511,
57512,
57513,
57514,
57515,
57516,
57517,
57518,
57519,
57520,
57521,
57522,
57523,
57570,
57571,
57572,
57596,
57597,
57598,
57599,
57600,
57603, 57-393 and 57-355
57604, 57-355 and 57-393
57605,
57606,
57607,
57608,
57609,
57610,
57611,
57612,
57613,
57614,
57615,
57616,
57617,
57618,
57619,
57620,
57621,
57622,
57623,
57624,
57626,
57630,
57631,
57632,
57633,
57634,
57635,
57641,
57642,
57661,
57662,
57665,
57666,
57690,
57691,
57692,
57694,
57696,
57697,
57698,
57699,
57700,
57701,
57702,
57703,
57705,
57706,
57707,
57708,
57709,
57710,
57711,
57712,
57713,
57714,
57715,
57716,
57717,
57718,
57719,
57720,
57721,
57722,
57723,
57724,
57729,
57731,
57736,
57737,
57740,
57741,
57742,
57745,
57746,
57748,
57749,
57750,
57751,
57752,
57753,
57756,
57757,
57758,
57761,
57762,
57763,
57764,
57766,
57776,
57777,
57778,
57779,
57780,
57781,
57782,
57783,
57784,
57785,
57786,
57787,
57788,
57789,
57790,
57791,
57792,
57793,
57794,
57795,
57796,
57797,
57798,
57799,
57800,
57801,
57802,
57807,
57808,
57810,
57815,
57817,
57818,
57819,
57824,
57827,
57828,
57831,
57833,
57834,
57843,
57845,
57846,
57847,
57855,
57856,
57857,
57858,
57859,
57860,
57861,
57862,
57863,
57865,
57870,
57871,
57872,
57874,
57875,
57876,
57878,
57879,
57880,
57883,
57884,
57887,
57888,
57889,
57890,
57891,
57892,
57893,
57898,
57900,
57901,
57907,
57908,
57912,
57916,
57923,
57925,
57926,
57927,
57928,
57929,
57930,
57931,
57932,
57933,
57934,
57935,
57938,
57939,
57940,
57941,
57942,
57947,
57948,
57949,
57950,
57951,
57952,
57953,
57954,
57957,
57958,
57959,
57963,
57965,
57967,
57969,
57970,
57971,
57973,
57974,
57975,
57976,
57980,
57983,
57985,
57986,
57989,
57990,
57991,
57992,
57993,
57994,
57996,
57997,
57998,
57999,
60050,
60051,
60101,
60104,
60109,
60110,
60130,
60131,
60141,
60142,
60150,
60157,
60160, 60-150
60200,
60201, 60-101
60202,
60203,
60205,
60206, 60-205
60210,
60241, 62-141 or 60-141 or 51-265
60245, 62-141 or 60-141 or 51-265
60250, 60-160 or 60-151
60251, 60-160 or 60-151
60257,
60298,
60358,
60361,
60370,
60376,
60387,
60390,
60391,
60392,
60398,
60399,
60400,
60401,
60402,
60403,
60404,
60407,
60412, 15-110 or 60-112
60414, 60-110
60415, 60-110
60416, 60-210 and 60-110
60424,
60426,
60427,
60430,
60431,
60432,
60439,
60440,
60441,
60448,
60453, 60-250
60467, 60-251
60469,
60472, 60-141 or 62-141
60473,
60474,
60475, 60-251
60480,
60492,
60499,
60590,
60599,
60701,
60703,
60705,
60706,
60711,
60750,
60791,
62010,
62050,
62051,
62102,
62103,
62110,
62141,
62142,
62157,
62165,
62190,
62241, 62-141 or 60-141
62245, 60-141 or 62-141
62247,
62250,
62252,
62253,
62254,
62255,
62256,
62257,
62258,
62259,
62261,
62263,
62290,
62291,
62298,
62306,
62326,
62334,
62344,
62347, 62-247
62348,
62358,
62360,
62361,
62374,
62375, 62-141 or 60-141
62398,
62399,
62401,
62410,
62420,
62427,
62446, 62-347
62447, 62-347
62449,
62450,
62452,
62453,
62455,
62456, 62-453
62457,
62459,
62463,
62467,
62483,
62484,
62714,
62726,
62736,
64590,
65101,
65102,
65201, 65-102
65202,
65402,
65411,
65412,
66050,
66051,
66204,
66221,
66230,
66307,
66320,
66321,
66322,
66323,
66324,
66325,
66326,
66327,
66328,
66329,
66331,
66332,
66333,
66334,
66335,
66336,
66501,
66502, 66-501
67050,
67051,
67100,
67101,
67102,
67103,
67211,
67250,
67260,
67272, 15-121 or 15-122
67280,
67301, 67-371
67306,
67311, 67-272
67312,
67315,
67316,
67319,
67323,
67327, 67-272
67328, 67-272
67329,
67331,
67344,
67352,
67362,
67371, 67-272
67373, 67-371 and 67-272
67390,
67475, 67-373
67495,
67505,
69001,
69002,
69003,
69004,
69101,
69102,
69110,
69112,
69113,
69114,
69129,
69130,
69131,
69132,
69134,
69135,
69136,
69137,
69138,
69139,
69140,
69141,
69143,
69144,
69145,
69146,
69150,
69151,
69153,
69155,
69156,
69157,
69159,
69160,
69165,
69167,
69175,
69176,
69194,
69195,
70050,
70051,
70100,
70101,
70122,
70160,
70194,
70201,
70207, 21-120 or 21-121
70208, (21-120 or 21-121 or 21-112 or 21-116) and (36-220 or 70-207 or 36-247 or 36-310 or 36-201) and (73-100 or 73-110)
70311, 76-214 or 76-245 or 76-236 or 76-327 or 76-331 or 76-347 or 82-085 or 76-100 or 76-101
70321, 76-101 or 82-085 or 76-100
70332, 76-100 or 82-085 or 76-101
70339, 70-391
70340, 76-104 or 76-101 or 82-085
70342, 76-101 or 82-085 or 76-100
70343,
70345, 73-270 or 70-340
70350,
70364, 82-085 or 76-101 or 76-100
70365, 73-100 or 73-110
70366, 76-101
70371, (21-257 or 21-292) and (36-202 or 36-247 or 36-220 or 36-310 or 70-207)
70376,
70381, 76-100 or 76-214 or 76-101 or 76-327 or 76-236 or 76-331 or 82-085 or 76-245 or 76-347
70385, 70-381
70391, (70-122 and 73-230 and 70-208) or (70-122 and 73-100 and 21-370 and 36-226) or (70-122 and 73-100 and 21-370 and 70-208)
70395,
70397,
70398, 70-391 and 73-200
70401, (70-381 and 70-371 and 70-121 and 70-391) or (70-371 and 70-391 and 70-381 and 70-122)
70413,
70414,
70415,
70416, 70-420 or 70-414 or 15-390 or 70-415 or 70-421
70417,
70418,
70419,
70420,
70421,
70422, 70-122 and (36-202 or 70-207)
70423,
70424, 70-122
70425,
70428, 70-122
70430,
70437,
70438,
70440, 70-371 and 70-391 and 70-381 and 70-122
70442,
70443, 70-451
70448,
70449, 70-451
70451, 15-102 or 15-125 or 15-120 or 15-112 or 15-127 or 15-111 or 15-100 or 15-105 or 15-110
70453, 70-451
70455, 70-451
70460, 21-292 or 21-257
70471, 70-371
70474,
70476, (36-202 or 36-208 or 70-208) and 70-371
70480,
70481, 73-360 or 70-208 or 70-381
70483, 70-381
70485, 70-381
70488, 70-381
70492, 70-391 or 21-370
70495, 21-370 or 70-391
70496, 70-391
70497, 70-391
70499,
70500,
70501,
70502,
70503,
70504,
70505,
70506,
70507,
70508,
70509,
70637,
70641,
70643,
70650,
73050,
73051,
73100,
73101,
73111,
73112,
73148,
73230, 73-100 and 21-120
73240, 73-100 and 73-230 and 21-120 and (21-256 or 21-259)
73252, 21-120 and 21-122 and (21-259 or 21-256) and 73-100 and 73-230
73253, 21-120 and 21-122 and (21-256 or 21-259) and 73-100 and 73-230 and 73-240 and 73-252
73255,
73270, 76-101 and 73-100 and 73-230 and 73-240
73302,
73303,
73304,
73305,
73310, 21-120 and (21-256 or 21-259) and 73-100 and 73-230
73315, 21-120 and (21-256 or 21-259) and 73-100 and 73-230
73328, 21-120 and (21-256 or 21-259) and 73-100 and 73-230
73331, 21-120 and (21-256 or 21-259) and 73-100 and 73-230
73347, 21-120 and (21-259 or 21-256) and 73-100 and 73-230
73348, 21-120 and (21-256 or 21-259) and 73-100 and 73-230
73352, 21-120 and (21-256 or 21-259) and 73-100 and 73-230
73359, 21-120 and (21-256 or 21-259) and 73-100 and 73-230
73363, 21-120 and 21-122 and (21-256 or 21-259) and 73-100 and 73-230 and (36-217 or 36-225) and 36-226
73365, 21-120 and (21-256 or 21-259) and 73-100 and 73-230
73372, 21-120 and (21-259 or 21-256) and 73-100 and 73-230 and 73-240
73375, 73-100
73394, 21-120 and (21-256 or 21-259) and 73-100 and 73-230
73395, 21-120 and (21-256 or 21-259) and 73-100 and 73-230 and 73-240
73401,
73402,
73403,
73404,
73407, 21-120 and (21-256 or 21-259) and (36-247 or 36-208 or 36-202 or 36-220 or 36-309 or 70-208)
73408, 21-120 and (21-256 or 21-259) and 73-100 and 73-230
73421, 21-120 and (21-256 or 21-259) and 73-100 and 73-230 and 73-240
73433, 21-120 and (21-259 or 21-256) and 73-100 and 73-230 and (36-202 or 36-208 or 36-220 or 36-226 or 70-208 or 73-407)
73440, 21-120 and (21-256 or 21-259) and 73-100 and 73-230
73450,
73469, 21-120 and (21-256 or 21-259) and 73-100 and 73-230
73474, 21-120 and (21-256 or 21-259) and 73-100 and 73-230
73495, 21-120 and (21-256 or 21-259) and 21-122 and 73-100 and 73-230 and 73-240 and 73-252
73497, 21-120 and (21-259 or 21-256) and 73-100 and 73-230 and 73-240 and (36-303 or 36-226 or 73-363 or 73-407)
73499,
73500,
73501,
76050,
76051,
76100,
76101,
76143,
76198,
76202,
76206,
76221, 76-101
76223,
76225,
76239, 76-101
76241, 76-101
76242,
76245,
76247,
76252,
76260, 76-101
76262, 76-101
76265, 76-101
76269, 76-101
76270, 76-101
76271, 76-101
76272,
76273, 76-101
76294, 76-101
76297,
76300,
76301,
76302, 76-101
76303,
76304,
76305,
76306,
76307,
76308,
76318, 76-272 or 76-271 or 76-270
76319, 76-101
76324,
76327, 76-101
76328,
76334, 76-101
76337, 76-101
76339, 76-101
76340, 76-101
76341, 76-101
76346, 76-101
76347, 76-101
76349, 76-101
76352,
76354, 76-101
76355, 76-101
76358,
76359, 76-390 or 76-272 or 76-271 or 76-270
76360, 76-260 or 76-265 or 76-270 or 76-372 or 76-271 or 76-261 or 76-472 or 76-262 or 76-269
76362, 76-101
76364, 76-101
76365, 76-265
76367, 76-101
76370,
76372, 76-101
76373, 76-101
76375, 76-262 or 76-260 or 76-271 or 76-372 or 76-272 or 76-270
76376,
76378, 76-101
76380,
76386, 76-101
76389, 76-101
76390, 76-101
76391, 76-270 or 76-271
76392,
76393,
76394, 76-294
76395, 76-472 or 76-271 or 76-375 or 76-372 or 76-270
76396, 76-372 or 76-373 or 76-271 or 76-270 or 76-272
76400,
76404,
76409,
76412, 76-101
76414, 76-101
76417,
76419, 76-101
76420, 76-101
76426,
76428, 76-101
76429,
76434,
76439,
76441,
76442,
76443, 76-101
76453, 76-101
76454,
76460, 76-260
76461,
76462, 76-460
76464, 76-260 or 76-262 or 76-365 or 76-460 or 76-265
76465, 76-365
76467,
76468,
76469, 76-269
76472, 76-372
76474, 76-271 or 76-270
76475,
76476, 76-101
76479, 76-270 or 76-271
76481, (76-270 or 76-271) and (76-391 or 51-261 or 51-262)
76487, (76-272 or 76-271 or 76-270) and (51-261 or 76-382 or 76-391 or 51-262)
76488, (76-271 or 76-270 or 76-379) and (76-383 or 76-382 or 76-391)
76490,
76494, 76-395 or 76-270 or 76-271 or 76-272
76495,
76497,
76511,
76700,
76701,
76702,
76703,
76705,
76706,
76707,
76708,
76709,
76710,
76718,
76719,
76720,
76727,
76740,
76752,
76755,
76758,
76759,
76760,
76772,
76773,
76774,
76775,
76778,
76779,
76780,
76781,
76786,
76787,
76789,
76790,
76791,
76792,
76793,
76794,
76795,
76796,
76800,
76801,
76802,
76804,
76812,
76814,
76817,
76819,
76820,
76828,
76829,
76834,
76839,
76841,
76842,
76843,
76852,
76853,
76867,
76868,
76869,
76870,
76872,
76875,
76876,
76882,
76884,
76887,
76888,
76890,
76895,
76897,
76900,
76901,
76902,
76903,
76904,
76910,
76911,
76921,
76922,
76924,
76925,
79050,
79051,
79104,
79157,
79170,
79176,
79197,
79198,
79200,
79203,
79205,
79212,
79221,
79222,
79226,
79229,
79230,
79234,
79235,
79236,
79238,
79240,
79242,
79244,
79247,
79248,
79249,
79251,
79252,
79254,
79255,
79265,
79266,
79271,
79272,
79275,
79279,
79281,
79285,
79288,
79289,
79292,
79293,
79294,
79295,
79297,
79298,
79299,
79300,
79301,
79302,
79309,
79311,
79314,
79315,
79316,
79318,
79320,
79321,
79323,
79328,
79329,
79331,
79332,
79335,
79339,
79340,
79343,
79349,
79350,
79354,
79355,
79356,
79357,
79359,
79362,
79367,
79369,
79374,
79377,
79378,
79380,
79383,
79389,
79394,
79395,
79396,
79398,
79400,
79420, 79-200
79424,
79427,
79449,
79450,
79490,
79491,
79492,
79503,
79504,
79505,
79506,
79700,
79701,
79702,
79703,
79705,
79723,
79740,
79800,
79803,
79892,
79893,
80050,
80051,
80100,
80105,
80106,
80110,
80130,
80135,
80136,
80150,
80180,
80198,
80208,
80210,
80211,
80220,
80226,
80230,
80235,
80243,
80244,
80245,
80246,
80251,
80253,
80254,
80257,
80258,
80271,
80276,
80280,
80282, 80-180
80305,
80310, 15-251 or 80-210 or 80-212 or 80-211
80311, 80-210 or 80-211 or 21-300 or 80-310 or 15-251
80314,
80321, 36-201
80323,
80335,
80380, 80-100 or 76-101
80381, 80-180
80383, 80-100 or 80-180
80391,
80405,
80411, 80-311 or 80-310 or 21-300
80447,
80449,
80495,
80501,
80502,
80511,
80515,
80516,
80521,
80530,
80595,
80600,
80602,
80605,
80610,
80611,
80614,
80616,
80617,
80618,
80619,
80623,
80635,
80680,
80681,
80683,
80691,
80695,
80705,
80711,
80747,
80811,
80815,
80816,
80821,
80830,
80895,
80900,
80989,
80990,
80991,
80992,
80993,
80994,
80995,
80997,
80999,
82050,
82051,
82101,
82102, 82-101 or 82-103
82103,
82104, 82-103 or 82-101
82111,
82112, 82-111
82114,
82121,
82122, 82-123 or 82-121
82123,
82131,
82132, 82-131
82133,
82134, 82-133 or 82-131
82135,
82137,
82141,
82142, 82-141 or 82-143
82143,
82161,
82162, 82-163 or 82-161
82163,
82171,
82172, 82-171
82186,
82188,
82191,
82192, 82-191
82198,
82201, 82-104 or 82-102
82202, 82-201 or 82-203
82211, 82-112
82212, 82-112
82215,
82221, 82-122 or 82-123
82222, 82-221
82231, 82-134 or 82-135 or 82-132
82232, 82-231
82235, 82-135
82241, 82-142 or 82-144
82242, 82-243 or 82-241
82247,
82253,
82261, 82-162 or 82-163
82262, 82-261
82271, 82-172
82272, 82-271
82273, 82-171 or 82-172 or 82-271 or 82-272 or 82-371 or 82-372
82278,
82280,
82281,
82282,
82291, 82-192
82292, 82-291
82303, 82-202 or 82-204
82304, 82-303
82305, 82-303 or 82-304
82311,
82312,
82313,
82314,
82320, 82-222
82323, 82-222
82327, 82-320 or 82-324 or 82-323
82331, 82-235 or 82-232
82332, 82-331
82333,
82335, 82-232
82337, 82-232
82339,
82340,
82342, 82-244 or 82-242
82343, 82-242 or 82-244
82344, 82-242 or 82-244
82345, 82-343 and 82-342
82361, 82-262
82362, 82-262
82371, 82-272
82372, 82-371
82373,
82374, 82-272
82383, 82-280
82385,
82389,
82396,
82397,
82399,
82400,
82415, 82-303 and 82-304 and 82-305
82416, 82-304 and 82-303
82425, 82-320 or 82-323 or 82-327 or 82-426
82427, 82-325
82428, 82-324
82434, 82-332
82440, 82-332
82441, 82-345
82447,
82451, 82-345
82455, 82-345
82473, 82-372
82474, 82-372 or 82-373
82489,
82495,
82501,
82502,
82505,
82506,
82521,
82522, 82-437 or 82-429 or 82-436 or 82-430 or 82-438 or 82-427 or 82-428 or 82-435 or 82-431
82531,
82532,
82541,
82542,
82561,
82562,
82571,
82572,
82580,
82585,
82599,
82732,
82744,
82780,
82783,
82789,
82793,
82881,
82888,
82889,
82892,
82893,
82894,
82895,
82989,
85050,
85051,
85102,
85116,
85121,
85122,
85131,
85198,
85211,
85213, 15-122 or 15-150
85219,
85221,
85241,
85251,
85261,
85281, 85-251 or 85-261
85310, 85-213 or 85-211
85314,
85320, 85-221
85340, 85-251 or 85-241
85350,
85352, 85-102 or 85-211 or 85-251 or 85-241 or 85-221
85358,
85370,
85375, 85-221 or 85-251 or 85-241 or 85-261 or 85-102 or 85-219 or 85-198 or 85-211 or 85-100
85377, 85-241
85380,
85385,
85390,
85392, 85-211 or 85-213
85393,
85394,
85395,
85406, 85-429 or 85-211 or 85-219 or 85-355 or 85-213
85408,
85419, 85-211 or 85-213
85421, 85-213 or 80-150 or 80-180 or 85-211
85423, 85-221
85426, 15-121 or 15-111 or 15-122
85429, 85-211 or 85-213 or 85-414 or 85-412 or 85-419
85436,
85438,
85442,
85443,
85444,
85446, 85-251 or 85-241
85480, 85-251 or 85-261
85481,
85482,
85484, 85-221
85501, 85-310 or 85-320 or 85-340
85505,
85506,
85507,
85508,
85510,
85601,
85602,
85701,
85705,
85708,
85710,
85716,
85719,
85723,
85729,
85736,
85738,
85742,
85743,
85744,
85746,
85748,
85758,
85765,
85770,
85775,
85777,
85780,
85781,
85785,
85790,
85792,
85793,
85794,
85795,
85806,
85811,
85850,
85852,
85881,
85981,
86110,
86111,
86375,
86450,
86631,
86675,
86700,
86800,
88050,
88051,
88061,
88104,
88111,
88120,
88122,
88124,
88181,
88184,
88198,
88205,
88210,
88220,
88221, 88-220
88223, 36-220 or 36-207 or 70-207 or 36-217 or 36-247 or 36-201 or 36-211 or 36-225
88251, 36-247 or 36-201 or 36-207
88252, 70-207 or 36-207 or 36-201
88260,
88302, 36-211 or 36-217 or 36-207 or 36-201 or 70-207 or 36-225 or 36-247 or 36-220
88309,
88320,
88326,
88345,
88355,
88357,
88359,
88360, (21-112 or 21-120) and (88-220 or 73-100 or 73-150)
88365, 88-220 or 73-150 or 73-100
88367, 36-202
88371, 88-202 or 88-220 or 73-150 or 79-300
88384,
88387,
88388, 36-201 and (21-112 or 21-120)
88389,
88391,
88393,
88398,
88399,
88402, 36-247 or 70-207 or 36-217 or 36-225 or 36-220 or 36-207 or 36-201
88404,
88405, 36-247 or 36-220 or 36-225 or 36-217 or 36-207 or 70-207 or 36-201
88411, 73-100 or 73-150 or 88-220
88413,
88414,
88419,
88421, 85-211 or 88-120
88432,
88433,
88435,
88442,
88450,
88451,
88452,
88499,
88505,
88602,
88605,
88612,
88619,
88623,
88635,
88645,
88665,
88667,
88691,
88719,
88721,
88743,
88749,
88759,
88762,
88767,
88775,
88787,
88791,
88898,
88900,
88901,
88905,
88940,
88950,
88951,
88998,
90699,
90700,
90701,
90703,
90705,
90708,
90710,
90711,
90713,
90714,
90718,
90719,
90720,
90721,
90722,
90724,
90726,
90728,
90730,
90731,
90733,
90734,
90736,
90737,
90739,
90740,
90742,
90743,
90744,
90746,
90747,
90748,
90752,
90755,
90756,
90759,
90760,
90762,
90763,
90765,
90767,
90768,
90772,
90774,
90775,
90778,
90779,
90782,
90783,
90786,
90789,
90791,
90792,
90795,
90796,
90798,
90801,
90805,
90808,
90810,
90811,
90816,
90818,
90820,
90822,
90823,
90824,
90825,
90826,
90827,
90830,
90831,
90832,
90833,
90834,
90836,
90839,
90840,
90842,
90844,
90845,
90846,
90858,
90860,
90861,
90863,
90866,
90869,
90874,
90877,
90878,
90879,
90880,
90884,
90888,
90894,
90895,
90896,
90898,
90899,
90900,
90901,
90902,
90904,
90905,
90906,
90907,
90908,
90909,
90912,
90917,
90918,
90920,
90921,
90925,
90926,
90931,
90932,
90933,
90934,
90935,
90936,
90937,
90938,
90939,
90940,
90941,
90942,
90943,
90944,
90945,
90946,
90947,
90948,
90949,
90950,
90951,
90952,
90953,
90954,
90955,
90956,
90957,
90958,
90959,
90960,
90961,
90962,
90963,
90964,
90965,
90966,
90967,
90968,
90969,
90970,
90971,
90972,
90973,
90974,
90975,
90976,
90977,
90978,
90979,
90980,
90981,
90982,
90983,
90984,
90985,
90986,
91600,
91718,
91739,
91800,
91801,
91802,
91803,
91804,
91807,
91809,
91814,
91820,
91822,
91824,
91828,
91843,
91844,
91855,
91858,
91869,
91887,
91888,
91889,
91898,
92800,
92814,
92821,
92871,
92872,
92873,
92878,
92879,
92881,
92882,
92883,
92886,
92889,
92890,
92891,
92892,
92893,
92894,
92896,
92897,
92898,
92980,
93701,
93702,
93710,
93711,
93716,
93731,
93732,
93751,
93766,
93769,
93804,
93807,
93808,
93809,
93811,
93812,
93813,
93814,
93815,
93821,
93826,
93827,
93828,
93831,
93835,
93836,
93845,
93846,
93851,
93852,
93853,
93854,
93855,
93856,
93857,
93858,
93859,
93861,
93863,
93865,
93866,
93868,
93869,
93871,
93873,
93876,
93879,
93887,
93888,
93889,
93890,
94050,
94700,
94701,
94702,
94705,
94706,
94707,
94718,
94739,
94799,
94800,
94801,
94802,
94803,
94804,
94806,
94808,
94810,
94811,
94812,
94813,
94814,
94817,
94820,
94822,
94823,
94824,
94827,
94828,
94830,
94831,
94832,
94833,
94834,
94835,
94837,
94838,
94840,
94842,
94843,
94844,
94845,
94846,
94847,
94848,
94849,
94899,
95702,
95703,
95704,
95705,
95706,
95710,
95712,
95713,
95715,
95716,
95718,
95720,
95721,
95722,
95725,
95726,
95729,
95730,
95732,
95733,
95741,
95752,
95753,
95756,
95757,
95760,
95761,
95765,
95768,
95769,
95771,
95772,
95774,
95775,
95782,
95791,
95794,
95796,
95797,
95799,
95805,
95807,
95808,
95812,
95813,
95818,
95820,
95821,
95822,
95824,
95825,
95830,
95831,
95833,
95837,
95841,
95843,
95852,
95855,
95859,
95865,
95866,
95867,
95868,
95869,
95870,
95871,
95872,
95900,
95901,
95902,
95903,
95904,
95905,
95906,
95907,
95908,
95909,
95910,
95911,
95912,
95913,
95914,
95915,
95916,
95917,
95918,
95919,
95920,
95921,
95922,
95923,
95924,
95925,
95926,
95927,
95928,
95929,
95930,
95931,
96700,
96702,
96703,
96705,
96709,
96710,
96714,
96733,
96736,
96780,
96781,
96782,
96783,
96788,
96789,
96790,
96791,
96808,
96809,
96810,
96811,
96815,
96820,
96821,
96822,
96825,
96826,
96827,
96835,
96836,
96838,
96839,
96840,
96842,
96843,
98000,
98012,
98038,
98089,
98094,
98127,
98128,
98149,
98151,
98164,
98166,
98168,
98171,
98174,
98179,
98180,
98181,
98182,
98184,
98185,
98186,
98187,
98189,
98190,
98194,
98198,
98199,
98201,
98205,
98206,
98208,
98209,
98210,
98212,
98215,
98216,
98217,
98219,
98220,
98221,
98222,
98223,
98225,
98226,
98228,
98229,
98230,
98231,
98232,
98233,
98234,
98235,
98236,
98237,
98238,
98239,
98240,
98241,
98242,
98243,
98244,
98245,
98246,
98247,
99101,
99102,
99104,
99151,
99152,
99190,
99193,
99208,
99234,
99238,
99241,
99242,
99245,
99250,
99251,
99252,
99332,
99333,
99337,
99338,
99400,
99405,
99406,
99410,
99452,
99461,
99530,
99734,
99761,
